{
  "quickswap_v2:0x90bc3e68ba8393a3bf2d79309365089975341a43": {
    "timestamp": 1762546857.5306609,
    "data": {
      "tvl_usd": 80532.99671309438,
      "token0": "WETH",
      "token1": "AAVE",
      "price0_usd": 3438.09,
      "price1_usd": 209.84
    }
  },
  "quickswap_v2:0x59153f27eefe07e5ece4f9304ebba1da6f53ca88": {
    "timestamp": 1762546867.2262492,
    "data": {
      "tvl_usd": 1671506.8762114472,
      "token0": "DAI",
      "token1": "USDT",
      "price0_usd": 0.999248,
      "price1_usd": 0.999509
    }
  },
  "quickswap_v2:0x4a35582a710e1f4b2030a3f826da20bfb6703c09": {
    "timestamp": 1762546868.2219965,
    "data": {
      "tvl_usd": 91276.143545841,
      "token0": "WETH",
      "token1": "DAI",
      "price0_usd": 3438.09,
      "price1_usd": 0.999248
    }
  },
  "quickswap_v2:0x5ca6ca6c3709e1e6cfe74a50cf6b2b6ba2dadd67": {
    "timestamp": 1762546872.7609878,
    "data": {
      "tvl_usd": 255846.49591341842,
      "token0": "LINK",
      "token1": "WETH",
      "price0_usd": 16.0,
      "price1_usd": 3438.09
    }
  },
  "quickswap_v2:0x60e70705b52a4a5bdc1d8614426ba5016a68ab38": {
    "timestamp": 1762546876.7782357,
    "data": {
      "tvl_usd": 10329.44679672612,
      "token0": "WETH",
      "token1": "QUICK",
      "price0_usd": 3438.09,
      "price1_usd": 0.01830127
    }
  },
  "quickswap_v2:0xf7135272a5584eb116f5a77425118a8b4a2ddfdb": {
    "timestamp": 1762546885.1705642,
    "data": {
      "tvl_usd": 20043.10088967535,
      "token0": "WETH",
      "token1": "UNI",
      "price0_usd": 3438.09,
      "price1_usd": 5.89
    }
  },
  "quickswap_v2:0xf6422b997c7f54d1c6a6e103bcb1499eea0a7046": {
    "timestamp": 1762546889.9980328,
    "data": {
      "tvl_usd": 177182.5998566274,
      "token0": "WETH",
      "token1": "USDT",
      "price0_usd": 3438.09,
      "price1_usd": 0.999509
    }
  },
  "quickswap_v2:0xdc9232e2df177d7a12fdff6ecbab114e2231198d": {
    "timestamp": 1762537878.70277,
    "data": {
      "tvl_usd": 601476.597637602,
      "token0": "WBTC",
      "token1": "WETH",
      "price0_usd": 101911,
      "price1_usd": 3372.42
    }
  },
  "sushiswap:0x2813d43463c374a680f235c428fb1d7f08de0b69": {
    "timestamp": 1762546899.5159698,
    "data": {
      "tvl_usd": 228500.5566217169,
      "token0": "WETH",
      "token1": "AAVE",
      "price0_usd": 3438.09,
      "price1_usd": 209.84
    }
  },
  "sushiswap:0x396e655c309676caf0acf4607a868e0cded876db": {
    "timestamp": 1762546904.2287276,
    "data": {
      "tvl_usd": 65807.61970191999,
      "token0": "CRV",
      "token1": "WETH",
      "price0_usd": 0.492858,
      "price1_usd": 3438.09
    }
  },
  "sushiswap:0x74d23f21f780ca26b47db16b0504f2e3832b9321": {
    "timestamp": 1762537900.5366573,
    "data": {
      "tvl_usd": 157063.12925103298,
      "token0": "LINK",
      "token1": "WETH",
      "price0_usd": 15.84,
      "price1_usd": 3372.42
    }
  },
  "sushiswap:0x116ff0d1caa91a6b94276b3471f33dbeb52073e7": {
    "timestamp": 1762546918.1285672,
    "data": {
      "tvl_usd": 11014.849850763374,
      "token0": "SNX",
      "token1": "WETH",
      "price0_usd": 0.882954,
      "price1_usd": 3438.09
    }
  },
  "sushiswap:0xc2755915a85c6f6c1c0f3a86ac8c058f11caa9c9": {
    "timestamp": 1762537913.4987931,
    "data": {
      "tvl_usd": 140776.39894668074,
      "token0": "WETH",
      "token1": "USDT",
      "price0_usd": 3372.42,
      "price1_usd": 0.999501
    }
  },
  "sushiswap:0xb5846453b67d0b4b4ce655930cf6e4129f4416d7": {
    "timestamp": 1762546922.4224603,
    "data": {
      "tvl_usd": 11071.704302648755,
      "token0": "SUSHI",
      "token1": "WETH",
      "price0_usd": 0.506762,
      "price1_usd": 3438.09
    }
  },
  "sushiswap:0xe62ec2e799305e0d367b0cc3ee2cda135bf89816": {
    "timestamp": 1762546931.8635957,
    "data": {
      "tvl_usd": 686847.4966595429,
      "token0": "WBTC",
      "token1": "WETH",
      "price0_usd": 103189,
      "price1_usd": 3438.09
    }
  }
}