{
  "quickswap_v2:0x7baf833f82bb1971f99a5a5d84bed1d5d0dedd70": {
    "timestamp": 1765590798.1971216,
    "data": {
      "tvl_usd": 26706.659337591576,
      "reserve0": 13380197639,
      "reserve1": 4324765351992929727,
      "token0": "USDC",
      "token1": "WETH",
      "price0_usd": 1.0,
      "price1_usd": 3081.43
    }
  },
  "quickswap_v2:0xf6b87181bf250af082272e3f448ec3238746ce3d": {
    "timestamp": 1765590803.050005,
    "data": {
      "tvl_usd": 11752.89810334022,
      "reserve0": 48696485956442853389310,
      "reserve1": 6460950,
      "token0": "WPOL",
      "token1": "WBTC",
      "price0_usd": 0.12176075345855077,
      "price1_usd": 90135
    }
  },
  "quickswap_v2:0xadbf1854e5883eb8aa7baf50705338739e558e5b": {
    "timestamp": 1765590803.7451882,
    "data": {
      "tvl_usd": 620108.9253166623,
      "reserve0": 2568682060683653978333740,
      "reserve1": 99740789897014642333,
      "token0": "WPOL",
      "token1": "WETH",
      "price0_usd": 0.12176075345855077,
      "price1_usd": 3081.43
    }
  },
  "sushiswap:0x6ff62bfb8c12109e8000935a6de54dad83a4f39f": {
    "timestamp": 1765590821.948752,
    "data": {
      "tvl_usd": 96828.45942369127,
      "reserve0": 15699442318355375381,
      "reserve1": 48451726880641469778309,
      "token0": "WETH",
      "token1": "DAI",
      "price0_usd": 3081.43,
      "price1_usd": 1.0
    }
  },
  "sushiswap:0xb5846453b67d0b4b4ce655930cf6e4129f4416d7": {
    "timestamp": 1765590832.2186537,
    "data": {
      "tvl_usd": 8413.08302585275,
      "reserve0": 13203698702368657412974,
      "reserve1": 1360572049970924649,
      "token0": "SUSHI",
      "token1": "WETH",
      "price0_usd": 0.319651,
      "price1_usd": 3081.43
    }
  },
  "sushiswap:0x55ff76bffc3cdd9d5fdbbc2ece4528ecce45047e": {
    "timestamp": 1765590840.8585436,
    "data": {
      "tvl_usd": 11439.403880918944,
      "reserve0": 47377596902623554695470,
      "reserve1": 5670671985,
      "token0": "WPOL",
      "token1": "USDT",
      "price0_usd": 0.12176075345855077,
      "price1_usd": 1.0
    }
  },
  "sushiswap:0xe62ec2e799305e0d367b0cc3ee2cda135bf89816": {
    "timestamp": 1765590841.5729842,
    "data": {
      "tvl_usd": 608597.3454046135,
      "reserve0": 337743354,
      "reserve1": 98711433742357770248,
      "token0": "WBTC",
      "token1": "WETH",
      "price0_usd": 90135,
      "price1_usd": 3081.43
    }
  },
  "quickswap_v2:0x90bc3e68ba8393a3bf2d79309365089975341a43": {
    "timestamp": 1765590765.6306803,
    "data": {
      "tvl_usd": 73328.87478891626,
      "reserve0": 11895190068837651204,
      "reserve1": 189788238745072752166,
      "token0": "WETH",
      "token1": "AAVE",
      "price0_usd": 3081.43,
      "price1_usd": 193.24
    }
  },
  "quickswap_v2:0x59153f27eefe07e5ece4f9304ebba1da6f53ca88": {
    "timestamp": 1765590774.9957168,
    "data": {
      "tvl_usd": 2509199.0334867532,
      "reserve0": 1256582238790753258844147,
      "reserve1": 1252616794696,
      "token0": "DAI",
      "token1": "USDT",
      "price0_usd": 1.0,
      "price1_usd": 1.0
    }
  },
  "quickswap_v2:0x60e70705b52a4a5bdc1d8614426ba5016a68ab38": {
    "timestamp": 1765590785.0221214,
    "data": {
      "tvl_usd": 7773.002294710086,
      "reserve0": 1259858741774022320,
      "reserve1": 332986648481458685812299,
      "token0": "WETH",
      "token1": "QUICK",
      "price0_usd": 3081.43,
      "price1_usd": 0.01168466
    }
  },
  "quickswap_v2:0xf7135272a5584eb116f5a77425118a8b4a2ddfdb": {
    "timestamp": 1765590795.0394037,
    "data": {
      "tvl_usd": 18289.720018473476,
      "reserve0": 2973966807398218008,
      "reserve1": 1696217375307135387186,
      "token0": "WETH",
      "token1": "UNI",
      "price0_usd": 3081.43,
      "price1_usd": 5.38
    }
  },
  "quickswap_v2:0xf6422b997c7f54d1c6a6e103bcb1499eea0a7046": {
    "timestamp": 1765590800.5247064,
    "data": {
      "tvl_usd": 169102.59247061267,
      "reserve0": 27398681674291695176,
      "reserve1": 84675472799,
      "token0": "WETH",
      "token1": "USDT",
      "price0_usd": 3081.43,
      "price1_usd": 1.0
    }
  },
  "sushiswap:0x116ff0d1caa91a6b94276b3471f33dbeb52073e7": {
    "timestamp": 1765590828.1775231,
    "data": {
      "tvl_usd": 7565.858685359062,
      "reserve0": 8205385607053467727367,
      "reserve1": 1226423728849509445,
      "token0": "SNX",
      "token1": "WETH",
      "price0_usd": 0.461492,
      "price1_usd": 3081.43
    }
  },
  "sushiswap:0xc4e595acdd7d12fec385e5da5d43160e8a0bac0e": {
    "timestamp": 1765590843.1405478,
    "data": {
      "tvl_usd": 355764.85641486547,
      "reserve0": 1475709535086154585699572,
      "reserve1": 57142739421894275183,
      "token0": "WPOL",
      "token1": "WETH",
      "price0_usd": 0.12176075345855077,
      "price1_usd": 3081.43
    }
  },
  "quickswap_v2:0x4a35582a710e1f4b2030a3f826da20bfb6703c09": {
    "timestamp": 1765590776.6079028,
    "data": {
      "tvl_usd": 84701.8575244149,
      "reserve0": 13717531994734754878,
      "reserve1": 42432242909879382595670,
      "token0": "WETH",
      "token1": "DAI",
      "price0_usd": 3081.43,
      "price1_usd": 1.0
    }
  },
  "quickswap_v2:0xeef611894ceae652979c9d0dae1deb597790c6ee": {
    "timestamp": 1765590777.3283575,
    "data": {
      "tvl_usd": 13233.99059255818,
      "reserve0": 54740504445087660108741,
      "reserve1": 6568745526623158784411,
      "token0": "WPOL",
      "token1": "DAI",
      "price0_usd": 0.12176075345855077,
      "price1_usd": 1.0
    }
  },
  "quickswap_v2:0x5ca6ca6c3709e1e6cfe74a50cf6b2b6ba2dadd67": {
    "timestamp": 1765590781.295982,
    "data": {
      "tvl_usd": 223920.77897107234,
      "reserve0": 8224272677260569785756,
      "reserve1": 36316315836083696926,
      "token0": "LINK",
      "token1": "WETH",
      "price0_usd": 13.62,
      "price1_usd": 3081.43
    }
  },
  "quickswap_v2:0xf3eb2f17eafbf35e92c965a954c6e7693187057d": {
    "timestamp": 1765590785.8433633,
    "data": {
      "tvl_usd": 33471.19217545871,
      "reserve0": 138720917249181265757903,
      "reserve1": 1418991119188502273841949,
      "token0": "WPOL",
      "token1": "QUICK",
      "price0_usd": 0.12176075345855077,
      "price1_usd": 0.01168466
    }
  },
  "quickswap_v2:0xe43ab6540c0929ef29d216a34ab1f0eacc5c3825": {
    "timestamp": 1765590796.6507506,
    "data": {
      "tvl_usd": 3285.3063620000003,
      "reserve0": 1643880731,
      "reserve1": 1641425631,
      "token0": "USDC",
      "token1": "USDT",
      "price0_usd": 1.0,
      "price1_usd": 1.0
    }
  },
  "quickswap_v2:0x604229c960e5cacf2aaeac8be68ac07ba9df81c3": {
    "timestamp": 1765590801.4099743,
    "data": {
      "tvl_usd": 127329.64027402911,
      "reserve0": 527171276283863909936367,
      "reserve1": 63140868472,
      "token0": "WPOL",
      "token1": "USDT",
      "price0_usd": 0.12176075345855077,
      "price1_usd": 1.0
    }
  },
  "quickswap_v2:0xdc9232e2df177d7a12fdff6ecbab114e2231198d": {
    "timestamp": 1765590802.165323,
    "data": {
      "tvl_usd": 541653.6957780728,
      "reserve0": 300619521,
      "reserve1": 87845672471781865936,
      "token0": "WBTC",
      "token1": "WETH",
      "price0_usd": 90135,
      "price1_usd": 3081.43
    }
  },
  "sushiswap:0x2813d43463c374a680f235c428fb1d7f08de0b69": {
    "timestamp": 1765590810.7997057,
    "data": {
      "tvl_usd": 208288.06537419703,
      "reserve0": 33796114118861086566,
      "reserve1": 538955213438806343011,
      "token0": "WETH",
      "token1": "AAVE",
      "price0_usd": 3081.43,
      "price1_usd": 193.24
    }
  },
  "sushiswap:0x396e655c309676caf0acf4607a868e0cded876db": {
    "timestamp": 1765590815.4799907,
    "data": {
      "tvl_usd": 55827.415543074945,
      "reserve0": 71198497728090467053823,
      "reserve1": 9058633854831354224,
      "token0": "CRV",
      "token1": "WETH",
      "price0_usd": 0.392057,
      "price1_usd": 3081.43
    }
  },